Cell_Index,HERB01,HERB02,HERB03,HERB04
0.0,0.0,0.0,0.0,0.0
1.0,0.0,0.0,0.0,0.0
2.0,0.0,0.0,0.0,0.0
3.0,0.0,0.0,0.0,0.0
4.0,0.0,0.0,0.0,0.0
5.0,0.0,0.0,0.0,0.0
6.0,0.0,0.0,0.0,0.0
7.0,0.08801639347867293,0.0,0.0,0.0
8.0,0.0,0.0,0.0,0.0
9.0,0.19902771899051935,0.029290727371477344,0.0,0.0
10.0,0.0,0.0,0.13306191807028125,0.0
11.0,0.0944682677142821,0.005223089444738605,0.0,0.0
12.0,0.0,0.0,0.2974496625446322,0.0
13.0,0.1629175633822392,0.0,0.0,0.0
14.0,0.17421447878363844,0.05039622689040587,0.056532638230505826,0.0
15.0,0.13429702219177705,0.0,0.0,0.0
16.0,0.11226555466229343,0.14326822690220342,0.0,0.0
17.0,0.08606723409643334,0.0,0.0,0.0
18.0,0.0,0.0,0.0,0.0
19.0,0.0816792085292587,0.0,0.0,0.0
20.0,0.08380396681097532,0.0,0.0,0.0
21.0,0.0,0.122420823195,0.0,0.0
22.0,0.1887891993595214,0.005222295505378736,0.05377311820840407,0.0
23.0,0.39541294152837686,0.0007888624449894559,0.0,0.0
24.0,0.0,0.0382706982926,0.0,0.0
25.0,0.11310677719549035,0.07613590653383365,0.09500941107324419,0.0
26.0,0.37375885672126435,0.13755317421041846,0.0,0.0
27.0,0.0,0.0239231698005,0.0,0.0
28.0,0.15631855124270133,0.09992450786603414,0.0,0.0
29.0,0.36716016505262217,0.0,0.0,0.0
30.0,0.0,0.0,0.0,0.0
31.0,0.44350408254214246,0.0,0.0,0.0
32.0,0.15552421554659382,0.0,0.0,0.0
33.0,0.9189140799458416,0.06794781531361971,0.0,0.0
34.0,0.15783120381170002,0.102013728719,0.0,0.0
35.0,0.0,0.0,0.0,0.0
36.0,0.1945482531188,0.0,0.0,0.0
37.0,0.6318727929595515,0.0,0.0,0.0
38.0,0.2743171069605835,0.5268211621224074,0.0,0.0
39.0,0.513621711797575,0.00504399589622,0.0,0.0
40.0,0.0433740819974,0.0,0.0,0.0
41.0,0.0,0.0,0.0,0.0
42.0,0.0,0.0,0.028283957676944024,0.0
43.0,0.5015684766836616,0.14831909695540768,0.0,0.0
44.0,0.5582903009815151,0.0,0.0,0.0
45.0,0.5345126802876999,0.0,0.0,0.0
46.0,0.00890863000171,0.0,0.0,0.0
47.0,0.028388237843215123,0.3622155036675241,0.026498373951810632,0.0
48.0,0.8519783045920262,0.0,0.0,0.0
49.0,0.4266883913237601,0.0,0.0,0.0
50.0,0.6263429292725999,0.0,0.0,0.0
51.0,0.184256237435,0.0,0.0,0.0
52.0,0.0,0.0031261938544363097,0.037346922986820165,0.0
53.0,0.9999985422320409,0.0,0.0,0.0
54.0,0.8366306984723699,0.0,0.0,0.0
55.0,0.8203031803857,0.0,0.0,0.0
56.0,0.64538565587626,0.0,0.0,0.0
57.0,0.2745001636201,0.0,0.0,0.0
58.0,0.04456966475005284,0.0,0.21721233489129826,0.0
59.0,0.9515259550269878,0.0,0.0,0.0
60.0,1.000000000000081,0.0,0.0,0.0
61.0,0.8830657503160001,0.0,0.0,0.0
62.0,0.18609036091169998,0.0,0.0,0.0
63.0,0.10219502602413,0.0,0.0,0.0
64.0,0.0,0.0,0.0573328854899,0.0
65.0,0.18604100374328864,0.0,0.5084212160072268,0.0
66.0,0.7484923741867906,0.14359260295477205,0.0,0.0
67.0,0.9692559311062439,0.0,0.0,0.0
68.0,0.63767080434127,0.0,0.0,0.0
69.0,0.037102129825648,0.0,0.0,0.0
70.0,0.0,0.0,0.0,0.0
71.0,0.0859458217817,0.0,0.0,0.0
72.0,0.14896641688821485,0.0,0.20070201198065066,0.0
73.0,0.4652034709958009,0.07639599984314518,0.0,0.0
74.0,0.9986349830009001,0.0,0.0,0.0
75.0,0.38104271650570004,0.0,0.0,0.0
76.0,0.033830955711070004,0.0,0.0,0.0
77.0,0.0,0.0,0.0,0.0
78.0,0.0,0.0,0.0,0.0
79.0,0.015957384301467734,0.0,0.01660571637141731,0.0
80.0,0.8814206186662069,0.004850486870867619,0.0,0.0
81.0,0.98766853269003,0.0,0.0,0.0
82.0,0.8808846006119999,0.0,0.0,0.0
83.0,0.9856545191043999,0.0,0.0,0.0
84.0,0.27546439130100003,0.0,0.0,0.0
85.0,0.0,0.0,0.0,0.0
86.0,0.06197319828950001,0.0,0.0,0.0
87.0,0.10206160160165914,0.0,0.0,0.0
88.0,1.0000000965094429,0.0,0.0,0.0
89.0,0.66138398989325,0.0,0.338616010107,0.0
90.0,0.7938753632307001,0.0,0.20612463676959997,0.0
91.0,0.73093803860469,0.0,0.26906196139599997,0.0
92.0,0.2857522336193,0.0,0.0,0.0
93.0,0.0,0.0,0.0,0.0
94.0,0.139096188282,0.0,0.0,0.0
95.0,0.20370204657137284,0.0,0.0,0.0
96.0,0.99898146352652,0.0,0.0,0.0
97.0,0.9990401328006999,0.0,0.0009598671986159999,0.0
98.0,1.0000000000007,0.0,0.0,0.0
99.0,0.8248058019899,0.0,0.17519419801085998,0.0
100.0,0.372229455915626,0.0,0.0,0.0
101.0,0.022455484786699998,0.0,0.0,0.0
102.0,0.26321981832346,0.0,0.0,0.0
103.0,0.321132103475216,0.0,0.0,0.0
104.0,0.8932123073879756,0.10665224662108796,0.0,0.0
105.0,0.9999999999997001,0.0,0.0,0.0
106.0,1.0000000000009,0.0,0.0,0.0
107.0,0.77008055063633,0.0,0.22991944936300002,0.0
108.0,0.29537726000619996,0.0,0.7046227399941999,0.0
109.0,0.12677758952516,0.0,0.155801383896,0.0
110.0,0.0128952080971,0.0,0.0,0.0
111.0,0.38148873923,0.0,0.0,0.0
112.0,0.20234580285835407,0.0,0.0,0.0
113.0,0.4867886827527937,0.5047330163242061,0.0,0.0
114.0,0.933190136918828,0.0,0.0,0.0
115.0,0.8744825808027299,0.0,0.0,0.0
116.0,0.9063257605095001,0.0,0.0936742394905,0.0
117.0,0.8227113279846,0.0,0.16062199652499998,0.0
118.0,0.213277741819,0.0,0.0115067127099,0.0
119.0,0.0,0.0,0.0,0.0
120.0,0.026532279930533618,0.0,0.008347880507195779,0.0
121.0,0.9004504926883843,0.09954941600679465,0.0,0.0
122.0,0.9382685304903299,0.0,0.0,0.0
123.0,0.9607312814772,0.0,0.0,0.0
124.0,1.0,0.0,0.0,0.0
125.0,0.6065810704251,0.0,0.0,0.0
126.0,0.0,0.0,0.0,0.0
127.0,0.0,0.0,0.0,0.0
128.0,0.069958789249919,0.0,0.06560354892177299,0.0
129.0,0.8557530111261825,0.11607665906503378,0.0,0.0
130.0,0.9808751071998,0.0,0.0,0.0
131.0,0.9999999999996401,0.0,0.0,0.0
132.0,0.9999999999997,0.0,0.0,0.0
133.0,1.0,0.0,0.0,0.0
134.0,0.7089602029411001,0.0,0.18350404237999998,0.0
135.0,0.0,0.0,0.0,0.0
136.0,0.26473890511,0.0,0.0,0.0
137.0,0.1524772794310493,0.0,0.028147988134257305,0.0
138.0,0.8487530787727081,0.10342383273012173,0.0,0.0
139.0,0.937404558607,0.00212937709845,0.0,0.0
140.0,1.0000000000008,0.0,0.0,0.0
141.0,1.0000000000005997,0.0,0.0,0.0
142.0,0.9999999999991,0.0,0.0,0.0
143.0,0.6087497288375,0.0,0.03961693870206,0.0
144.0,0.0,0.0,0.0,0.0
145.0,0.08722679540139999,0.0,0.0,0.0
146.0,0.026330212705274192,0.0,0.5637433872417219,0.0
147.0,0.05704654675576242,0.8270485508631903,0.0,0.0
148.0,0.6648117030173001,0.3008726075904,0.0,0.0
149.0,0.35303077670792,0.60515705099045,0.0,0.0
150.0,0.9642640871867769,0.035735912813,0.0,0.0
151.0,0.9999999999999,0.0,0.0,0.0
152.0,0.9002110689447,0.0,0.0997889310559,0.0
153.0,0.01345510820882,0.0,0.393856122215,0.0
154.0,0.0,0.0,0.0,0.0
155.0,0.0,0.0,0.024069683190200003,0.0
156.0,0.04533349952185934,0.0,0.4154600515615292,0.0
157.0,0.00024912582704377987,0.9997507916519817,0.0,0.0
158.0,0.488467863907,0.41195962071799996,0.0,0.0
159.0,0.6736160235445751,0.3253530245544,0.0,0.0
160.0,0.6801376444823001,0.319862355517,0.0,0.0
161.0,0.9719687504144099,0.0,0.0,0.0
162.0,0.77731615834626,0.0,0.0850660722709,0.0
163.0,0.0454392303031,0.0,0.180198862328,0.0
164.0,0.0,0.0,0.0,0.0
165.0,0.0,0.0,0.0436367375883,0.0
166.0,0.15637099095174398,0.0,0.0,0.0
167.0,0.05606584051945965,0.9439369715366178,0.0,0.0
168.0,0.24323992959000001,0.7430484187146,0.0,0.0
169.0,0.07961008268628,0.7644060659108,0.0,0.0
170.0,0.9528732243992009,0.047126775600700006,0.0,0.0
171.0,0.8989392739987965,0.101060726001,0.0,0.0
172.0,0.9865698426806899,0.0,0.0,0.0
173.0,0.644380846129,0.0,0.194954427508,0.0
174.0,0.00506439320899,0.0,0.0,0.0
175.0,0.0,0.0,0.0,0.0
176.0,0.0,0.0,0.390473125579,0.0525204549872
177.0,0.021084813478146523,0.0,0.07729579037048145,0.3171949705837245
178.0,0.13417154997766967,0.8658276510929915,0.0,0.0
179.0,0.040929439805300005,0.93799931329815,0.0,0.0
180.0,0.346280066366,0.6537199336339999,0.0,0.0
181.0,0.89484622457134,0.105153775428,0.0,0.0
182.0,1.0000000000001,0.0,0.0,0.0
183.0,0.6770499511247,0.171946820195,0.15100322868,0.0
184.0,0.17621005374010001,0.0,0.34776262820520004,0.0
185.0,0.0,0.0,0.0,0.0
186.0,0.0,0.0,0.0,0.0
187.0,0.0288675453907,0.0,0.21235765830529998,0.027395856095900003
188.0,0.007579981633414341,0.0,0.07112978630827307,0.054358079822862844
189.0,0.09086465521953285,0.6591895299392975,0.0,0.0
190.0,0.1353994367918,0.5969823558983,0.0,0.0
191.0,0.8590336481847209,0.0386284633107,0.0,0.0
192.0,0.99999999999966,0.0,0.0,0.0
193.0,0.8294298912144,0.17057010878599999,0.0,0.0
194.0,0.4696628797238,0.19197391133,0.236498352079,0.0
195.0,0.005080285910070001,0.0,0.28882434692928,0.0
196.0,0.0,0.0,0.0,0.0
197.0,0.0,0.0,0.0,0.0
198.0,0.3787043996226065,0.0,0.0015425774880578652,0.0
199.0,0.3627910187824206,0.28503126543147417,0.0,0.0
200.0,0.5832129047826,0.329199203814,0.0,0.0
201.0,0.860411010891072,0.1395889891091,0.0,0.0
202.0,0.8938456499084299,0.106154350092,0.0,0.0
203.0,1.0000000000006999,0.0,0.0,0.0
204.0,0.32508883181950005,0.0,0.106212836608,0.0
205.0,0.0,0.0,0.0,0.0
206.0,0.0,0.0,0.0,0.0
207.0,0.0,0.0,0.024615337305799997,0.0
208.0,0.1470579227197246,0.0,0.14094895487751527,0.0
209.0,0.4744462313980875,0.4318436051966123,0.0,0.0
210.0,0.69514908296404,0.0,0.0,0.0
211.0,1.000000000000567,0.0,0.0,0.0
212.0,0.8409300475138,0.0371075792825,0.0,0.0
213.0,0.6818525925892609,0.318147407411,0.0,0.0
214.0,0.9999999999996819,0.0,0.0,0.0
215.0,0.45175598790938004,0.0,0.20592744952,0.0
216.0,0.0,0.0,0.0,0.0
217.0,0.0420846647035,0.0,0.0,0.0
218.0,0.0,0.0,0.4753780670732,0.0
219.0,0.07321947816064409,0.0,0.0799191533339739,0.0
220.0,0.7824237081207509,0.0,0.0,0.0
221.0,0.9829887177915001,0.0,0.0,0.0
222.0,0.99999999999981,0.0,0.0,0.0
223.0,0.9886385249962198,0.0,0.0,0.0
224.0,0.9999999999995001,0.0,0.0,0.0
225.0,1.0000000000005,0.0,0.0,0.0
226.0,0.40609630952242,0.0,0.0,0.0
227.0,0.0,0.0,0.0,0.0
228.0,0.423745195431,0.0,0.0369850401801,0.0
229.0,0.11850609176684444,0.0,0.828592825876664,0.0
230.0,0.984239265699499,0.0,0.0,0.0
231.0,1.0,0.0,0.0,0.0
232.0,1.0000000000004,0.0,0.0,0.0
233.0,1.0000000000002098,0.0,0.0,0.0
234.0,1.0000000000005,0.0,0.0,0.0
235.0,0.9690911792070057,0.0,0.0,0.0
236.0,0.0939860641177,0.0,0.0,0.0
237.0,0.0629181059857,0.0,0.0,0.0
238.0,0.2414084697453,0.0,0.46940427606926,0.0
239.0,0.1992271516854269,0.0,0.5772331944069803,0.0
240.0,0.7785327593059389,0.0,0.0,0.0
241.0,0.9999999999992789,0.0,0.0,0.0
242.0,1.000000000000264,0.0,0.0,0.0
243.0,1.0000000000003,0.0,0.0,0.0
244.0,0.99999999999997,0.0,0.0,0.0
245.0,0.6723653232331999,0.0,0.0,0.0
246.0,0.0,0.0,0.0,0.0
247.0,0.304001694503,0.0,0.00011922129691200001,0.0
248.0,0.036333900015000004,0.0,0.7742369583621,0.0
249.0,0.11105291947746058,0.0,0.23011717897514514,0.0
250.0,0.4909559665595964,0.0,0.0,0.0
251.0,0.9947453791883119,0.0,0.0,0.0
252.0,1.0000000000001,0.0,0.0,0.0
253.0,0.99999999999979,0.0,0.0,0.0
254.0,0.999999999998982,0.0,0.0,0.0
255.0,0.9735699771168,0.0,0.0,0.0
256.0,0.157299616844152,0.0,0.0,0.0
257.0,0.0,0.0,0.0,0.0
258.0,0.025125524907500002,0.0,0.0,0.0
259.0,0.0641249945955,0.0,0.545595088611,0.0
260.0,0.328768765107324,0.0,0.05621826131168467,0.0
261.0,0.8373275772736177,0.0,0.0,0.0
262.0,0.9999955838562501,0.0,0.0,0.0
263.0,0.999999999999722,0.0,0.0,0.0
264.0,0.9999921923638,0.0,0.0,0.0
265.0,0.999993770511,0.0,0.0,0.0
266.0,0.59603042181206,0.0,0.0,0.0
267.0,0.0,0.0,0.0,0.0
268.0,0.17619748217800002,0.0,0.0011581195971799999,0.0
269.0,0.0,0.0,0.19428924036,0.0
270.0,0.11978805110139988,0.0,0.0,0.0
271.0,0.9934616644870672,0.0,0.0,0.0
272.0,1.0000044161428499,0.0,0.0,0.0
273.0,1.00000000000025,0.0,0.0,0.0
274.0,0.9989681358396001,0.0,0.0,0.0
275.0,0.6746443757189898,0.0,0.0,0.0
276.0,0.132330024004,0.0,0.0,0.0
277.0,0.0518107146834,0.0,0.0,0.0
278.0,0.402245251028,0.0,0.41455713275690004,0.0
279.0,0.03765371307280268,0.0,0.5117261926949389,0.0
280.0,0.9891090480838515,0.0,0.0,0.0
281.0,0.9999999999997101,0.0,0.0,0.0
282.0,0.9999999999997098,0.0,0.0,0.0
283.0,0.99999999999977,0.0,0.0,0.0
284.0,0.82655633102705,0.0,0.0,0.0
285.0,0.00301816919374,0.0,0.0,0.0
286.0,0.0,0.0,0.0,0.0
287.0,0.24640825689700002,0.0,0.12485723057499999,0.0
288.0,0.014211495802700001,0.0,0.897769672992,0.0
289.0,0.30024206763206035,0.0,0.3911681381335037,0.0
290.0,0.9736856806051506,0.0,0.0,0.0
291.0,1.000000000000466,0.0,0.0,0.0
292.0,0.9999999999992,0.0,0.0,0.0
293.0,0.9847839922049999,0.0,0.0,0.0
294.0,0.307370817428,0.0,0.0,0.0
295.0,0.0,0.0,0.0,0.0
296.0,0.0,0.0,0.0161649675023,0.0
297.0,0.015151092108299999,0.0,0.6835733674552,0.0
298.0,0.44386601640471784,0.0,0.3592828995345404,0.0
299.0,0.9801200382411175,0.0,0.0,0.0
300.0,1.00000000000032,0.0,0.0,0.0
301.0,0.9999999999994,0.0,0.0,0.0
302.0,0.985170508507,0.0,0.0,0.0
303.0,0.56371942321,0.0,0.0,0.0
304.0,0.08068623950279999,0.0,0.0,0.0
305.0,0.0,0.0,0.0,0.0
306.0,0.046749018604000006,0.0,0.52123704586,0.0
307.0,0.11400625582596784,0.0,0.6400412491768835,0.0
308.0,0.6567026489639151,0.0,0.0,0.0
309.0,0.7463039262804201,0.0,0.0,0.0
310.0,1.0000000000005,0.0,0.0,0.0
311.0,0.9999999999998,0.0,0.0,0.0
312.0,0.7365426633276,0.0,0.0,0.0
313.0,0.48816349288739697,0.0,0.0,0.0
314.0,0.055609343713400004,0.0,0.0,0.0
315.0,0.0,0.000530069498835,0.00784016429475,0.0
316.0,0.000134203802485,0.258848657888,0.51425835669918,0.0
317.0,0.030572573577865334,0.11959454147623678,0.1443254602740807,0.0
318.0,0.48004871284059386,0.0,0.0,0.0
319.0,0.7221090608841,0.0734139277879,0.0,0.0
320.0,0.9846967088033,0.0,0.0,0.0
321.0,0.9920067688195001,0.0,0.0,0.0
322.0,0.7644165241269001,0.0,0.0,0.0
323.0,0.3692973653255,0.0,0.0,0.0
324.0,0.188502359021,0.0,0.0,0.0
325.0,0.0,0.0,0.055535640778040005,0.0
326.0,0.0,0.0188425035017,0.8303286370677,0.0
327.0,0.25122781748982065,0.13192760522429764,0.18252940538619447,0.0
328.0,0.9963830922035446,0.0,0.0,0.0
329.0,0.9999999999999,0.0,0.0,0.0
330.0,0.7079974498333599,0.09118346460150001,0.0,0.0
331.0,0.70913959400753,0.0,0.0,0.0
332.0,0.6569531952187,0.0,0.0,0.0
333.0,0.02780954180213,0.0,0.0,0.0
334.0,0.0,0.0,0.0,0.0
335.0,0.13117840649784,0.0,0.0,0.0
336.0,0.39155453631230003,0.0,0.2878212377520001,0.000187028701389
337.0,0.18533264409150293,0.0,0.6995537710802436,0.0
338.0,0.9999998711728977,0.0,0.0,0.0
339.0,1.0000029138463347,0.0,0.0,0.0
340.0,1.0,0.0,0.0,0.0
341.0,0.67219441858262,0.0,0.0,0.0
342.0,0.928830328402,0.0,0.0,0.0
343.0,0.8935140338053,0.0,0.0,0.0
344.0,0.37878417722376,0.0,0.0,0.0
345.0,0.0,0.0,0.0,0.0
346.0,0.0,0.0,0.0,0.0
347.0,0.29104559090796,0.0,0.002207186696279,0.0
348.0,0.0452454381104,0.0,0.6975871354807,0.123877517286
349.0,0.10356535370185575,0.0,0.18264630654943864,0.26158183502776844
350.0,1.0000040899038412,0.0,0.0,0.0
351.0,1.0000000000003,0.0,0.0,0.0
352.0,0.9999999999996999,0.0,0.0,0.0
353.0,0.8039850768342529,0.0,0.0,0.0
354.0,0.9238222690023998,0.0,0.0150838753951,0.0
355.0,0.6690474158363,0.070424502705,0.0477949721972,0.0
356.0,0.20448041644621,0.0,0.0,0.0
357.0,0.0,0.0,0.0,0.0
358.0,0.012949142094880002,0.0,0.0,0.0
359.0,0.24412410079394903,0.007373405094499999,0.0,0.0
360.0,0.0076111490951799995,0.248790872382,0.007668657201609999,0.0
361.0,0.19095627765558587,0.0,0.3181017257012239,0.0
362.0,1.0000017691231116,0.0,0.0,0.0
363.0,1.0000000000003801,0.0,0.0,0.0
364.0,0.9892468359934001,0.0,0.0,0.0
365.0,0.8420638840315,0.0,0.0,0.0
366.0,0.3624839945784,0.0,0.0,0.0
367.0,0.446140504922,0.0,0.349490335203,0.0
368.0,0.0,0.19345657531000002,0.039258226108,0.0
369.0,0.0,0.0,0.0,0.0
370.0,0.164241326164,0.0,0.0,0.0
371.0,0.82817985558697,0.0,0.0222232382948,0.0
372.0,0.4102837947739,0.010438085108299999,0.30174971169485,0.0
373.0,0.18094937658787716,0.07784790640415572,0.30420421238988066,0.0
374.0,0.9999997171474824,0.0,0.0,0.0
375.0,0.9999654714139998,0.0,0.0,0.0
376.0,0.9822252818866999,0.0,0.0,0.0
377.0,0.39296680510239995,0.0,0.0,0.0
378.0,0.4422297153527,0.0,0.0,0.0
379.0,0.575113586675,0.0,0.0,0.0
380.0,0.2401110259374,0.0,0.0,0.0
381.0,0.0,0.0,0.0,0.0
382.0,0.0,0.0,0.0038004785949,0.0
383.0,0.30096661608799996,0.0,0.07379835228516,0.0
384.0,0.242129560132516,0.0,0.7578704398681001,0.0
385.0,0.07681179447,0.0,0.7187880959178,0.0
386.0,0.31433427940369524,0.0,0.012275027349329148,0.0
387.0,0.6690204479036943,0.296093650676584,0.0,0.0
388.0,0.9946270613097,0.00536314249584,0.0,0.0
389.0,0.7084371200169001,0.0,0.0,0.0
390.0,0.6242208062119999,0.0,0.0,0.0
391.0,0.44929387794330006,0.0,0.0,0.0
392.0,0.13386679780095,0.0,0.0,0.0
393.0,0.0,0.0,0.0,0.0
394.0,0.0,0.0,0.13885181299299998,0.0
395.0,0.08051064688960001,0.0,0.41383424647329997,0.0
396.0,5.67966981212e-05,0.0,0.8964149687898,0.0
397.0,0.0,0.0,0.999999999999,0.0
398.0,0.16119744295294272,0.0,0.46670179283950974,0.0
399.0,0.9699891175161134,0.0,0.0,0.0
400.0,0.866929367706058,0.0,0.0,0.0
401.0,0.841066736168167,0.0,0.0,0.0
402.0,0.52961323593917,0.0,0.0,0.0
403.0,0.02286155719206,0.0,0.0,0.0
404.0,0.0035010652948499997,0.0,0.0,0.0
405.0,0.0,0.0,0.0,0.0
406.0,0.0,0.0,0.014650990693999999,0.0
407.0,0.0,0.0,0.7681839390685999,0.0
408.0,0.029657916512,0.0,0.8600019561953001,0.0
409.0,0.0,0.0,0.8965361520267001,0.0375905117729
410.0,0.0,0.0,0.20630965806949092,0.009610422657174978
411.0,1.000019900862768,0.0,0.0,0.0
412.0,0.63811166608696,0.0,0.0,0.0
413.0,1.0000318980954999,0.0,0.0,0.0
414.0,0.5599480144503219,0.0,0.0,0.0
415.0,0.6819041924469801,0.0,0.0,0.0
416.0,0.0531633846077,0.0,0.0,0.0
417.0,0.0059530448831000005,0.0,0.0,0.0
418.0,0.33263797000047,0.0,0.039404650836999996,0.0
419.0,0.0,0.0,0.32271025872790055,0.0913372996745
420.0,0.0,0.0,0.6622067079025,0.31903092259300003
421.0,0.0,0.0,0.9296114763222999,0.0703885236781
422.0,0.0,0.0,0.38839347738401586,0.5988127447161585
423.0,0.9999804550391844,0.0,0.0,0.0
424.0,0.8694911259096401,0.0,0.0,0.0
425.0,0.9929860722124998,0.0,0.0,0.0
426.0,0.38526032168649915,0.0,0.0,0.0
427.0,0.0,0.0,0.0,0.0
428.0,0.050431830883960006,0.0,0.0,0.0
429.0,0.7797378583219999,0.0,0.0,0.0
430.0,0.551525411481,0.0,0.429827796943,0.0
431.0,0.0,0.0,0.7953454167798,0.20319101848510002
432.0,4.2987500296699996e-05,0.0,0.44759729260283004,0.5417134796065
433.0,0.08758987000813583,0.0,0.15394270422635967,0.5609168141612999
434.0,0.9737538766585221,0.0,0.0,0.0
435.0,0.9999999999995302,0.0,0.0,0.0
436.0,0.823815148236502,0.0,0.0,0.0
437.0,0.84988398411387,0.0,0.0,0.0
438.0,0.039016240513799996,0.0,0.0,0.0
439.0,0.0,0.0,0.00111642149897,0.0
440.0,0.4173939301992,0.0,0.1206573002871,0.0
441.0,0.51484760555,0.0,0.4851523944508,0.0
442.0,0.027795479515200002,0.009773982797089999,0.96243053768799,0.0
443.0,0.0,0.16788694187991698,0.3713886294120614,0.4253360747386643
444.0,0.12051387433122576,0.0,0.18883690056543417,0.6761381175527366
445.0,0.45344333400759623,0.0,0.0,0.0
446.0,0.43212954656566005,0.0,0.0,0.0
447.0,0.548452632922,0.0,0.0,0.0
448.0,0.1267497396922,0.0,0.0,0.0
449.0,0.23406937782489998,0.0,0.0,0.0
450.0,0.0,0.0,0.0,0.0
451.0,0.0,0.0,0.0128380445982,0.0
452.0,0.0,0.0,0.6413376023091001,0.00142529139679
453.0,0.0,0.0,0.58847412014081,0.41152587986
454.0,0.0,0.6671742767000016,0.040229314591812476,0.21595507646819712
455.0,0.3473409508302371,0.0,0.0,0.0
456.0,0.32691568657757,0.0,0.0,0.0
457.0,0.4219061596796,0.045472381884999996,0.0,0.0
458.0,0.327839343599,0.00018074000115399997,0.0,0.0
459.0,0.0,0.0,0.0,0.0
460.0,0.0,0.0243657718875,0.0,0.0
461.0,0.0,0.00416748900494,0.0,0.0
462.0,0.0,0.0,0.0137142888118,0.05398713678540999
463.0,0.016613224646274197,0.15845929790916266,0.0033313215437632783,0.6642782270849205
464.0,0.8516118968699672,0.0,0.0,0.0
465.0,0.8664325601909411,0.0,0.0,0.0
466.0,0.7768103509267,0.0,0.0,0.0
467.0,0.20490904715487,0.125174113007,0.0,0.0
468.0,0.025851511812500002,0.02204982579135,0.0,0.0
469.0,0.122752760706,0.021380822195300003,0.0,0.0143871091919
470.0,0.0,0.114308957802,0.0,0.0
471.0,0.0,0.14186288183100002,0.0,0.0
472.0,0.06513192304505283,0.0,0.0,0.20640932087228273
473.0,0.6478973877971057,0.0,0.0,0.0
474.0,0.99999999999999,0.0,0.0,0.0
475.0,0.7154470864308,0.0,0.0,0.0
476.0,0.061231528125999996,0.132756694298,0.0,0.0
477.0,0.0,0.0,0.0,0.0
478.0,0.0,0.122160404985,0.0,0.00344247399981
479.0,0.0035232199035400004,0.166236851028,0.162553153984,0.208549807914
480.0,0.0421912635974,0.0,0.0,0.0
481.0,0.12069714112450115,0.07236657525883829,0.0,0.0
482.0,0.5836414740291745,0.0,0.4163690607439249,0.0
483.0,0.9505381425427702,0.0,0.030133713843210556,0.0
484.0,0.9999999999999098,0.0,0.0,0.0
485.0,0.9999999999993,0.0,0.0,0.0
486.0,0.31166265841427,0.0,0.0,0.0
487.0,0.0,0.0,0.0,0.0
488.0,0.0,0.0,0.0,0.0
489.0,0.0,0.0,0.0,0.0
490.0,0.0864556838829,0.0,0.276838494818,0.0
491.0,0.4244380205239455,0.0018962075249798268,0.0027977514697610922,0.0
492.0,0.734627327187072,0.0,0.2653704658077326,0.0
493.0,0.9728128483889895,0.0,0.0266590043139,0.0
494.0,0.9335981811079002,0.0,0.0,0.0
495.0,1.000000000000115,0.0,0.0,0.0
496.0,0.72347987894651,0.0,0.0,0.0
497.0,0.13554018582,0.0,0.0,0.0
498.0,0.0,0.0,0.0,0.0
499.0,0.0,0.0,0.0,0.0
500.0,0.0,0.0,0.0,0.0
501.0,0.1556565788523394,0.0,0.0,0.0
502.0,0.8727865778975802,0.0,0.0,0.0
503.0,0.53516646962285,0.0,0.0,0.0
504.0,0.4374422092164,0.0,0.0,0.0
505.0,0.30352239709123,0.0,0.0,0.0
506.0,0.4739947604266,0.0,0.0,0.0
507.0,0.07079945781542,0.0,0.0,0.0
508.0,0.0028780483968499997,0.0,0.0,0.0
509.0,0.1388909534847,0.0,0.0,0.0
510.0,0.0,0.0,0.0,0.0
511.0,0.10461076972412757,0.0,0.0,0.0
512.0,0.6086844690268131,0.0,0.0,0.0
513.0,0.6195822279152,0.0,0.0,0.0
514.0,0.0,0.0,0.0,0.0
515.0,0.0140340579911,0.0,0.0,0.0
516.0,0.45201040786,0.0,0.0,0.0
517.0,0.0672041665111,0.0,0.0,0.0
518.0,0.0,0.0,0.0,0.0
519.0,0.02113225519051,0.0,0.049742074987800006,0.0
520.0,0.7112740886141,0.0,0.0323674834054,0.0
521.0,0.34779375221614633,0.0,0.0,0.0
522.0,0.9549281019274569,0.0,0.0,0.0
523.0,0.88554466772873,0.0,0.0,0.0
524.0,0.2440045486295,0.0,0.0,0.0
525.0,0.0,0.0,0.0,0.0
526.0,0.030492715102000002,0.0,0.0,0.0
527.0,0.2623582559882,0.0,0.0,0.0
528.0,0.0548881800724,0.0,0.0,0.0
529.0,0.429442124153759,0.0,0.0,0.0
530.0,0.5135234756888,0.0,0.0712219189985,0.0
531.0,0.32236830527943366,0.0,0.0,0.19737220033725258
532.0,0.6588395823079449,0.0,0.0,0.0
533.0,0.29385981770934,0.0,0.0,0.0
534.0,0.5033782804986,0.0,0.0,0.0
535.0,0.157443952513,0.0,0.0,0.0
536.0,0.0,0.0,0.0,0.0
537.0,0.008387541300559,0.0,0.0,0.0
538.0,0.85968092937951,0.0,0.0,0.0
539.0,0.9116213034034001,0.0,0.0,0.0
540.0,0.60989857802863,0.0,0.0,0.0
541.0,0.5928406405151727,0.0,0.0,0.0
542.0,0.7450355390677506,0.0,0.0,0.0
543.0,0.9303211516988499,0.0,0.0,0.0
544.0,0.7121415103712999,0.0,0.0,0.0
545.0,0.986503586406,0.0,0.0,0.0
546.0,0.3469080597045,0.0,0.0,0.0
547.0,0.232166263775557,0.0,0.0,0.0
548.0,0.7178977519828154,0.0,0.0,0.0
549.0,0.5681254485203,0.0,0.23624661828600002,0.0
550.0,0.18310360792589997,0.0,0.0314505137022,0.0
551.0,0.11199726850240001,0.0,0.118734252484,0.0
552.0,0.3124783621288436,0.0,0.0,0.0
553.0,0.22635154388186932,0.0,0.0,0.0
554.0,0.9291962527388667,0.0,0.0,0.0
555.0,0.9293468906055999,0.07065310939399999,0.0,0.0
556.0,0.84729610353479,0.0,0.0,0.0
557.0,0.8008417797784598,0.0,0.0,0.0
558.0,0.47844894301494,0.0,0.0,0.0
559.0,0.94412852267817,0.0,0.0,0.0
560.0,0.9818273822884837,0.0,0.0,0.0
561.0,0.8110694586113999,0.0,0.188930541388,0.0
562.0,0.187542395511,0.0,0.812457604489,0.0
563.0,0.0,0.0,0.521440499119,0.0
564.0,0.0,0.0,0.09570140351578837,0.0
565.0,0.13159314763883143,0.0,0.0,0.0
566.0,0.564854774354,0.0,0.0,0.0
567.0,0.999822434199,0.0,0.0,0.0
568.0,0.6827607509309499,0.10357051020500001,0.0,0.0
569.0,0.7696052018607,0.0,0.0,0.0
570.0,0.614115811704,0.0,0.0,0.0
571.0,0.611428653153,0.0,0.0,0.0
572.0,0.99806578509452,0.0,0.0,0.0
573.0,1.0000000000005,0.0,0.0,0.0
574.0,0.5661338742392,0.0,0.43386612576140005,0.0
575.0,0.0,0.0,0.43550136625440006,0.0
576.0,0.0,0.0,0.12232262668918413,0.0
577.0,0.39355033792052774,0.2496722112098357,0.0,0.0
578.0,0.6007395817794254,0.0,0.0,0.0
579.0,1.00000000000048,0.0,0.0,0.0
580.0,0.9999999999995499,0.0,0.0,0.0
581.0,0.8956901511149999,0.00398628079644,0.0,0.0
582.0,0.5579720984809999,0.0034034099961499998,0.0,0.0
583.0,0.95403577429452,0.0,0.0,0.0
584.0,1.0000000000003002,0.0,0.0,0.0
585.0,0.9999999999997101,0.0,0.0,0.0
586.0,0.9148162253316999,0.0,0.0,0.0
587.0,0.436563457100852,0.0,0.0,0.0
588.0,0.11486574401,0.0,0.350833395612,0.0
589.0,0.0,0.0,0.1769814888999,0.24692477957800002
590.0,0.17885020706180585,0.0,0.1956153075288484,0.11995302711271193
591.0,0.5075346991007399,0.03842610062613289,0.0,0.0
592.0,0.8971072376299,0.0,0.0,0.0
593.0,0.9999999999996001,0.0,0.0,0.0
594.0,1.00000000000089,0.0,0.0,0.0
595.0,0.947732907420269,0.0482584370839,0.0,0.0
596.0,0.29221696829943,0.5635231992949999,0.0,0.0
597.0,0.9156894901870999,0.0826565576136,0.0,0.0
598.0,0.99999999999939,0.0,0.0,0.0
599.0,1.0,0.0,0.0,0.0
600.0,0.8507456227291,0.0,0.0,0.0
601.0,0.8447156520439999,0.0,0.0,0.0
602.0,0.07772571753980001,0.0,0.0,0.0
603.0,0.18272313978700003,0.0,0.324082137459,0.00042070009892999997
604.0,0.05948518537242861,0.0,0.53195917138301,0.16269697428322794
605.0,0.3420811298738062,0.0,0.0,0.0
606.0,0.60891547706715,0.0,0.0,0.0
607.0,0.5896101906217254,0.0,0.0,0.0
608.0,0.76596882421194,0.1442465990852,0.0,0.0
609.0,0.48196707814291573,0.487957998173,0.0,0.0
610.0,0.7159239137833501,0.2297833070307,0.0,0.0
611.0,0.934639471897147,0.0301901441905,0.0,0.0
612.0,0.9999999999996999,0.0,0.0,0.0
613.0,1.0,0.0,0.0,0.0
614.0,0.9902778531991698,0.0,0.0,0.0
615.0,0.16598294732910002,0.0,0.0,0.0
616.0,0.0,0.0,0.0,0.0
617.0,0.0,0.0,0.10888386989000001,0.154639177288
618.0,0.051859036352001654,0.0,0.11673709807566152,0.45251815802864037
619.0,0.99222277603881,0.0,0.0,0.0
620.0,0.808980523227695,0.0,0.0,0.0
621.0,0.9999999999999001,0.0,0.0,0.0
622.0,0.9840408892149759,0.0146011173848,0.0,0.0
623.0,0.49116125493576,0.4715905807752,0.0,0.0
624.0,0.26503135388498,0.7349686461146601,0.0,0.0
625.0,0.5699002706538376,0.393537966436,0.0,0.0
626.0,0.806997764493,0.1277095861996,0.0,0.0
627.0,0.7934786264018001,0.0,0.0,0.0
628.0,0.780685626411,0.0,0.0411917318947,0.0
629.0,0.8255943372939001,0.0,0.17440566270600003,0.0
630.0,0.6705160193415898,0.0,0.0,0.0
631.0,0.11169857040062,0.0,0.007985609390769999,0.0
632.0,0.0,0.0,0.0420634259917,0.0478484322995
633.0,0.1366958908689117,0.0,0.24028687450099157,0.1651251047073011
634.0,0.8804482594846863,0.0,0.0,0.0
635.0,0.9998110712018001,0.0,0.0,0.0
636.0,0.8050749775183,0.0320217945028,0.0,0.0
637.0,0.781688355948,0.218311644050741,0.0,0.0
638.0,0.16073574611133,0.83926425388736,0.0,0.0
639.0,0.5155110592618299,0.41598712954162,0.0,0.0
640.0,0.7214684911271999,0.000129948000851,0.0,0.0
641.0,0.32195973048949,0.0,0.0,0.0
642.0,0.5879577760845001,0.38676908350399997,0.0,0.0
643.0,0.9765994023890001,0.0234005976111,0.0,0.0
644.0,1.0000000000003402,0.0,0.0,0.0
645.0,0.7351022128219801,0.0,0.0472128950128,0.0
646.0,0.08039481990203999,0.0,0.0,0.0
647.0,0.0,0.0,0.510742085256,0.000321576198366
648.0,0.05931195621476897,0.0,0.40505713569088564,0.510668269559083
649.0,0.5840166735573604,0.14952582326164313,0.0,0.0
650.0,0.9434301992715842,0.0,0.0,0.0
651.0,0.970234022212334,0.0,0.0,0.0
652.0,0.7376829879277699,0.00748517849732,0.0,0.0
653.0,0.048710284403899996,0.592262236466,0.0,0.0
654.0,0.1261324092999,0.8738675907005999,0.0,0.0
655.0,0.5266061491477,0.47339385085221997,0.0,0.0
656.0,0.27579286521220003,0.35322803637700007,0.0,0.0
657.0,0.1705352402191383,0.0,0.0,0.0
658.0,0.15056190987002,0.0,0.0,0.0
659.0,0.9979778783967,0.00168357680251,0.0,0.0
660.0,1.0000000000004599,0.0,0.0,0.0
661.0,1.0000000000008,0.0,0.0,0.0
662.0,0.7741817342167301,0.0,0.079053655892,0.122296925981
663.0,0.1347873990617422,0.0,0.2921970312009144,0.13101714312688684
664.0,0.4088373339624364,0.0,0.5681670017845729,0.0
665.0,0.545016329190124,0.021134716439458724,0.0,0.0
666.0,1.0000000000005789,0.0,0.0,0.0
667.0,0.9986835544042001,0.0,0.0,0.0
668.0,0.5177806094083001,0.0,0.0,0.0
669.0,0.6552323144259,0.0839382616871,0.0,0.0
670.0,0.0399989128033901,0.9040615954182001,0.0,0.0
671.0,0.25276621341190003,0.7472337865893399,0.0,0.0
672.0,0.3057336803125,0.623798352278087,0.0,0.0
673.0,0.5036733362773,0.496326663723378,0.0,0.0
674.0,0.5712446001014001,0.0193536913099,0.0,0.0
675.0,0.49291674220497506,0.282973660898,0.0,0.0
676.0,0.9742326487902,0.0257673512098,0.0,0.0
677.0,0.9967788684079298,0.00145006019514,0.0017710713967799998,0.0
678.0,0.28697459863998315,0.14861498747216942,0.22023961006738743,0.34417486835632904
679.0,0.15309196060832855,0.0,0.4871715917917402,0.2026299937331183
680.0,0.7966373799080007,0.18187390113795318,0.0,0.0
681.0,0.9999995241006759,0.0,0.0,0.0
682.0,1.000000000000517,0.0,0.0,0.0
683.0,0.8779089460033,0.12209105399600001,0.0,0.0
684.0,0.44377552470730003,0.1485078940631,0.0,0.0
685.0,0.6935006998958501,0.0,0.0,0.0
686.0,0.5435590224671576,0.09370502759440001,0.0,0.0
687.0,0.437241575827,0.5627584241729999,0.0,0.0
688.0,0.03386660919446,0.858415152519,0.0,0.0
689.0,0.22823146161299998,0.074534013023,0.0,0.0
690.0,0.38457570457276724,0.0,0.0,0.0
691.0,0.80193791527971,0.0,0.034443969185499995,0.0
692.0,0.5128423157173854,0.0,0.459866139665336,0.0
693.0,0.20105352557012215,0.25105601492126484,0.5191562056995671,0.0
694.0,0.9999992180605979,0.0,0.0,0.0
695.0,0.9792800041016868,0.020720480343143232,0.0,0.0
696.0,0.99828672415089,0.0,0.0,0.0
697.0,0.9138501465694602,0.000169042401063,0.0,0.0
698.0,0.9341038475169,0.0658961524835028,0.0,0.0
699.0,0.591963607812,0.4080363921884,0.0,0.0
700.0,0.12435106189940001,0.7281452258165,0.0,0.0
701.0,0.8217404928741999,0.144058673312,0.0,0.0
702.0,0.8811291963850898,0.11887080361600001,0.0,0.0
703.0,0.8919832664879,0.1065155459164,0.0015011875960500001,0.0
704.0,0.1462706402862,0.102496213116,0.1350964238289,0.0
705.0,0.035205576582709994,0.0,7.43071992543e-05,0.0
706.0,0.6155774186872158,0.0,0.0007215822319066793,0.0
707.0,0.26163482996683307,0.0,0.6967566781428446,0.0
708.0,0.9156476363651088,0.012287220109239081,0.07185756264227178,0.0
709.0,0.6925394702092,0.0,0.3074605297913,0.0
710.0,0.8291415157704001,0.0,0.1382508677264,0.0
711.0,0.2220970365234,0.1728483491488,0.0,0.0
712.0,0.038256478300300004,0.60450879578062,0.12955043719700002,0.0
713.0,0.4356533714004,0.478256134519265,0.08609049408080001,0.0
714.0,0.27658249577667,0.3608031789981,0.32579214411932,0.0
715.0,0.6222769920188909,0.3171523372958,0.00148192069982,0.0
716.0,0.6474327566222889,0.35256724337769996,0.0,0.0
717.0,0.764806032383371,0.235193967617,0.0,0.0
718.0,0.9999999999997001,0.0,0.0,0.0
719.0,0.4221752635544156,0.0,0.34364773635356266,0.0
720.0,0.03503038139172129,0.0,0.006941074685553088,0.0
721.0,0.7141457340788208,0.04284283625711579,0.1631066673371955,0.0
722.0,0.285879210641,0.45989650695519996,0.00482352740913,0.0
723.0,0.0,0.89839237482957,0.00758840799035,0.0
724.0,0.049603866989799995,0.95039101406902,0.0,0.0
725.0,0.8803350455029999,0.06822184610946,0.0092121550029,0.0
726.0,0.13248950508931398,0.209267848211,0.08513237569639999,0.0
727.0,0.73964980846562,0.0049147110060900005,0.222107132716,0.0
728.0,0.7400949222011001,0.0485084203019,0.0,0.0
729.0,0.5590211774932977,0.035709189556432264,0.006479181009912904,0.04522575418516335
730.0,0.48019411016452945,0.0,0.2777425125498559,0.0
731.0,0.11960913804485013,0.6512235131935916,0.20003474879890765,0.0
732.0,0.0,0.8959600462916,0.104042658503,0.0
733.0,0.00026408480345,0.996736939700688,0.0029962707007900003,0.0
734.0,0.034302597002700004,0.524665176024,0.4369185081741,0.0
735.0,0.3086241063013,0.245285570299,0.434288773897,0.00188517839838
736.0,0.6224589782183,0.106357558809,0.013232823897999998,0.0
737.0,0.0007036171516367794,0.24992872052765758,0.39222499484736784,0.15088138805394885
738.0,0.05824728633318875,0.506342787073141,0.43540817012499133,0.0
739.0,0.0374813558848,0.9625186441154,0.0,0.0
740.0,0.0569163709852,0.893311725023235,0.049771903991700006,0.0
741.0,0.39044519769799996,0.20561918699352702,0.23027451942799998,0.17366109588
742.0,0.0011495595129941652,0.06221137637891123,0.07171743980835037,0.8017003835453113
743.0,0.015261117940957402,0.1041732883438917,0.1858882742903113,0.0869978481754949
744.0,0.23636105204619973,0.24244480066930277,0.13757314065272613,0.31390456238281395
745.0,0.2127670079722024,0.28109775382693025,0.0,0.33294749146816843
746.0,0.011722935884373828,0.7476597694163782,0.0,0.17083657668388846
